{
    "type": "application",
    "source-directories": ["src"],
    "elm-version": "0.19.1",
    "dependencies": {
        "direct": {
            "elm/browser": "1.0.2",
            "elm/core": "1.0.4",
            "elm/html": "1.0.0"
        },
        "indirect": {
            "elm/json": "1.1.2",
            "elm/time": "1.0.0",
            "elm/url": "1.0.0",
            "elm/virtual-dom": "1.0.2"
        }
    },
    "test-dependencies": {
        "direct": {
            "elm-explorations/test": "1.0.0"
        },
        "indirect": {
            "elm/random": "1.0.0"
        }
    }
}
